{
    "disk": {
        "ar": {
            "dist": "norm",
            "loc": 0.6139895241661195,
            "scale": 0.1530285472978461
        },
        "ie": {
            "dist": "expon",
            "loc": 0.008300421752019003,
            "scale": 0.043184710946984006
        },
        "re": {
            "dist": "alpha",
            "loc": -0.06164043050532775,
            "scale": 1.7645999104928813,
            "shape": 4.982202923411738
        }
    },
    "spheroid": {
        "ar": {
            "dist": "norm",
            "loc": 0.8393043581647166,
            "scale": 0.10143471223373055
        },
        "ie": {
            "dist": "expon",
            "loc": 0.02264207847155928,
            "scale": 0.13516726998768774
        },
        "re": {
            "dist": "alpha",
            "loc": 0.02685409749486084,
            "scale": 0.776865084985023,
            "shape": 4.077948746123321
        }
    }
}